value,date,geotrack,type_size,__name__,app,demo,job,repo,time_stamp
1.8,2022-09-11,ALDRR,DV20,OPERATIONS:worst_models,logistic-cycle,first demo,VENDOR:balancing:zim,OPERATIONS,1665467670.407
5.166666666666667,2022-09-11,BDCGP,HC40,OPERATIONS:worst_models,logistic-cycle,first demo,VENDOR:balancing:zim,OPERATIONS,1665467670.407
3,2022-09-11,BDDAC,HC40,OPERATIONS:worst_models,logistic-cycle,first demo,VENDOR:balancing:zim,OPERATIONS,1665467670.407
2.4,2022-09-11,BEANR,DV20,OPERATIONS:worst_models,logistic-cycle,first demo,VENDOR:balancing:zim,OPERATIONS,1665467670.407
1,2022-09-11,BGVAR,DV20,OPERATIONS:worst_models,logistic-cycle,first demo,VENDOR:balancing:zim,OPERATIONS,1665467670.407
1.3333333333333333,2022-09-11,BRPGU,HC40,OPERATIONS:worst_models,logistic-cycle,first demo,VENDOR:balancing:zim,OPERATIONS,1665467670.407
2.5,2022-09-11,BRSNT,HC40,OPERATIONS:worst_models,logistic-cycle,first demo,VENDOR:balancing:zim,OPERATIONS,1665467670.407
4.333333333333333,2022-09-11,CACAL,HC40,OPERATIONS:worst_models,logistic-cycle,first demo,VENDOR:balancing:zim,OPERATIONS,1665467670.407
1,2022-09-11,CARGI,HC40,OPERATIONS:worst_models,logistic-cycle,first demo,VENDOR:balancing:zim,OPERATIONS,1665467670.407
5.333333333333333,2022-09-11,CNHUA,HC40,OPERATIONS:worst_models,logistic-cycle,first demo,VENDOR:balancing:zim,OPERATIONS,1665467670.407
8.333333333333334,2022-09-11,CNNTG,DV20,OPERATIONS:worst_models,logistic-cycle,first demo,VENDOR:balancing:zim,OPERATIONS,1665467670.407
5.8,2022-09-11,CNOCQ,DV20,OPERATIONS:worst_models,logistic-cycle,first demo,VENDOR:balancing:zim,OPERATIONS,1665467670.407
2.75,2022-09-11,CNZSH,HC40,OPERATIONS:worst_models,logistic-cycle,first demo,VENDOR:balancing:zim,OPERATIONS,1665467670.407
1,2022-09-11,CWWTD,HC40,OPERATIONS:worst_models,logistic-cycle,first demo,VENDOR:balancing:zim,OPERATIONS,1665467670.407
1.25,2022-09-11,ESTRG,HC40,OPERATIONS:worst_models,logistic-cycle,first demo,VENDOR:balancing:zim,OPERATIONS,1665467670.407
2.2,2022-09-11,FRLEH,DV20,OPERATIONS:worst_models,logistic-cycle,first demo,VENDOR:balancing:zim,OPERATIONS,1665467670.407
1,2022-09-11,FRLEH,HC40,OPERATIONS:worst_models,logistic-cycle,first demo,VENDOR:balancing:zim,OPERATIONS,1665467670.407
2.6666666666666665,2022-09-11,HKHKG,HC40,OPERATIONS:worst_models,logistic-cycle,first demo,VENDOR:balancing:zim,OPERATIONS,1665467670.407
1.4,2022-09-11,HTPAP,HC40,OPERATIONS:worst_models,logistic-cycle,first demo,VENDOR:balancing:zim,OPERATIONS,1665467670.407
47.666666666666664,2022-09-11,ILHFA,HC40,OPERATIONS:worst_models,logistic-cycle,first demo,VENDOR:balancing:zim,OPERATIONS,1665467670.407
0.8333333333333334,2022-09-11,INAHM,DV20,OPERATIONS:worst_models,logistic-cycle,first demo,VENDOR:balancing:zim,OPERATIONS,1665467670.407
1,2022-09-11,INAKV,DV20,OPERATIONS:worst_models,logistic-cycle,first demo,VENDOR:balancing:zim,OPERATIONS,1665467670.407
3.5,2022-09-11,INCCU,DV20,OPERATIONS:worst_models,logistic-cycle,first demo,VENDOR:balancing:zim,OPERATIONS,1665467670.407
1.3333333333333333,2022-09-11,INFBD,HC40,OPERATIONS:worst_models,logistic-cycle,first demo,VENDOR:balancing:zim,OPERATIONS,1665467670.407
3.8333333333333335,2022-09-11,INGHR,HC40,OPERATIONS:worst_models,logistic-cycle,first demo,VENDOR:balancing:zim,OPERATIONS,1665467670.407
1,2022-09-11,INHYX,HC40,OPERATIONS:worst_models,logistic-cycle,first demo,VENDOR:balancing:zim,OPERATIONS,1665467670.407
6.5,2022-09-11,INHZA,HC40,OPERATIONS:worst_models,logistic-cycle,first demo,VENDOR:balancing:zim,OPERATIONS,1665467670.407
0.8333333333333334,2022-09-11,INITG,HC40,OPERATIONS:worst_models,logistic-cycle,first demo,VENDOR:balancing:zim,OPERATIONS,1665467670.407
1,2022-09-11,INNAG,HC40,OPERATIONS:worst_models,logistic-cycle,first demo,VENDOR:balancing:zim,OPERATIONS,1665467670.407
4.666666666666667,2022-09-11,INNHV,HC40,OPERATIONS:worst_models,logistic-cycle,first demo,VENDOR:balancing:zim,OPERATIONS,1665467670.407
1.2,2022-09-11,INPAV,DV20,OPERATIONS:worst_models,logistic-cycle,first demo,VENDOR:balancing:zim,OPERATIONS,1665467670.407
1,2022-09-11,ITLVN,DV20,OPERATIONS:worst_models,logistic-cycle,first demo,VENDOR:balancing:zim,OPERATIONS,1665467670.407
1,2022-09-11,JPKBE,HC40,OPERATIONS:worst_models,logistic-cycle,first demo,VENDOR:balancing:zim,OPERATIONS,1665467670.407
1,2022-09-11,JPOSA,HC40,OPERATIONS:worst_models,logistic-cycle,first demo,VENDOR:balancing:zim,OPERATIONS,1665467670.407
1,2022-09-11,JPYOK,HC40,OPERATIONS:worst_models,logistic-cycle,first demo,VENDOR:balancing:zim,OPERATIONS,1665467670.407
1.8333333333333333,2022-09-11,KHPKH,DV20,OPERATIONS:worst_models,logistic-cycle,first demo,VENDOR:balancing:zim,OPERATIONS,1665467670.407
5.2,2022-09-11,LKCMB,DV20,OPERATIONS:worst_models,logistic-cycle,first demo,VENDOR:balancing:zim,OPERATIONS,1665467670.407
3,2022-09-11,MYPSG,DV20,OPERATIONS:worst_models,logistic-cycle,first demo,VENDOR:balancing:zim,OPERATIONS,1665467670.407
2.5,2022-09-11,MYPSG,HC40,OPERATIONS:worst_models,logistic-cycle,first demo,VENDOR:balancing:zim,OPERATIONS,1665467670.407
1,2022-09-11,PYASU,DV20,OPERATIONS:worst_models,logistic-cycle,first demo,VENDOR:balancing:zim,OPERATIONS,1665467670.407
1.5,2022-09-11,TWKSG,HC40,OPERATIONS:worst_models,logistic-cycle,first demo,VENDOR:balancing:zim,OPERATIONS,1665467670.407
4.833333333333333,2022-09-11,TZDAR,HC40,OPERATIONS:worst_models,logistic-cycle,first demo,VENDOR:balancing:zim,OPERATIONS,1665467670.407
10.8,2022-09-11,USBAL,HC40,OPERATIONS:worst_models,logistic-cycle,first demo,VENDOR:balancing:zim,OPERATIONS,1665467670.407
3,2022-09-11,USIAH,HC40,OPERATIONS:worst_models,logistic-cycle,first demo,VENDOR:balancing:zim,OPERATIONS,1665467670.407
1,2022-09-11,USILM,DV20,OPERATIONS:worst_models,logistic-cycle,first demo,VENDOR:balancing:zim,OPERATIONS,1665467670.407
1.5,2022-09-11,USMOB,HC40,OPERATIONS:worst_models,logistic-cycle,first demo,VENDOR:balancing:zim,OPERATIONS,1665467670.407
1,2022-09-11,USORF,HC40,OPERATIONS:worst_models,logistic-cycle,first demo,VENDOR:balancing:zim,OPERATIONS,1665467670.407
1,2022-09-11,USWOR,DV20,OPERATIONS:worst_models,logistic-cycle,first demo,VENDOR:balancing:zim,OPERATIONS,1665467670.407
1.25,2022-09-11,UYMVD,HC40,OPERATIONS:worst_models,logistic-cycle,first demo,VENDOR:balancing:zim,OPERATIONS,1665467670.407
1.25,2022-09-11,VEGUT,HC40,OPERATIONS:worst_models,logistic-cycle,first demo,VENDOR:balancing:zim,OPERATIONS,1665467670.407
12.166666666666666,2022-09-11,VNHAI,HC40,OPERATIONS:worst_models,logistic-cycle,first demo,VENDOR:balancing:zim,OPERATIONS,1665467670.407
1,2022-09-11,ZAJNB,HC40,OPERATIONS:worst_models,logistic-cycle,first demo,VENDOR:balancing:zim,OPERATIONS,1665467670.407
2.6666666666666665,2022-09-12,ALDRR,DV20,OPERATIONS:worst_models,logistic-cycle,first demo,VENDOR:balancing:zim,OPERATIONS,1665467670.407
19.2,2022-09-12,BDCGP,HC40,OPERATIONS:worst_models,logistic-cycle,first demo,VENDOR:balancing:zim,OPERATIONS,1665467670.407
2.4,2022-09-12,BDDAC,HC40,OPERATIONS:worst_models,logistic-cycle,first demo,VENDOR:balancing:zim,OPERATIONS,1665467670.407
7.8,2022-09-12,BEANR,DV20,OPERATIONS:worst_models,logistic-cycle,first demo,VENDOR:balancing:zim,OPERATIONS,1665467670.407
1.25,2022-09-12,BGVAR,DV20,OPERATIONS:worst_models,logistic-cycle,first demo,VENDOR:balancing:zim,OPERATIONS,1665467670.407
1.6,2022-09-12,BRPGU,HC40,OPERATIONS:worst_models,logistic-cycle,first demo,VENDOR:balancing:zim,OPERATIONS,1665467670.407
11.6,2022-09-12,BRSNT,HC40,OPERATIONS:worst_models,logistic-cycle,first demo,VENDOR:balancing:zim,OPERATIONS,1665467670.407
2,2022-09-12,CACAL,HC40,OPERATIONS:worst_models,logistic-cycle,first demo,VENDOR:balancing:zim,OPERATIONS,1665467670.407
1.5,2022-09-12,CARGI,HC40,OPERATIONS:worst_models,logistic-cycle,first demo,VENDOR:balancing:zim,OPERATIONS,1665467670.407
0.6,2022-09-12,CNHUA,HC40,OPERATIONS:worst_models,logistic-cycle,first demo,VENDOR:balancing:zim,OPERATIONS,1665467670.407
3.8,2022-09-12,CNNTG,DV20,OPERATIONS:worst_models,logistic-cycle,first demo,VENDOR:balancing:zim,OPERATIONS,1665467670.407
2.4,2022-09-12,CNOCQ,DV20,OPERATIONS:worst_models,logistic-cycle,first demo,VENDOR:balancing:zim,OPERATIONS,1665467670.407
3.75,2022-09-12,CNZSH,HC40,OPERATIONS:worst_models,logistic-cycle,first demo,VENDOR:balancing:zim,OPERATIONS,1665467670.407
2,2022-09-12,CWWTD,HC40,OPERATIONS:worst_models,logistic-cycle,first demo,VENDOR:balancing:zim,OPERATIONS,1665467670.407
3.2,2022-09-12,ESTRG,HC40,OPERATIONS:worst_models,logistic-cycle,first demo,VENDOR:balancing:zim,OPERATIONS,1665467670.407
1.4,2022-09-12,FRLEH,DV20,OPERATIONS:worst_models,logistic-cycle,first demo,VENDOR:balancing:zim,OPERATIONS,1665467670.407
4.4,2022-09-12,FRLEH,HC40,OPERATIONS:worst_models,logistic-cycle,first demo,VENDOR:balancing:zim,OPERATIONS,1665467670.407
0.8,2022-09-12,GRPIE,DV20,OPERATIONS:worst_models,logistic-cycle,first demo,VENDOR:balancing:zim,OPERATIONS,1665467670.407
4.6,2022-09-12,HKHKG,HC40,OPERATIONS:worst_models,logistic-cycle,first demo,VENDOR:balancing:zim,OPERATIONS,1665467670.407
4.4,2022-09-12,HTPAP,HC40,OPERATIONS:worst_models,logistic-cycle,first demo,VENDOR:balancing:zim,OPERATIONS,1665467670.407
21.8,2022-09-12,ILHFA,HC40,OPERATIONS:worst_models,logistic-cycle,first demo,VENDOR:balancing:zim,OPERATIONS,1665467670.407
1.4,2022-09-12,INAHM,DV20,OPERATIONS:worst_models,logistic-cycle,first demo,VENDOR:balancing:zim,OPERATIONS,1665467670.407
12.6,2022-09-12,INCCU,DV20,OPERATIONS:worst_models,logistic-cycle,first demo,VENDOR:balancing:zim,OPERATIONS,1665467670.407
1.6,2022-09-12,INFBD,HC40,OPERATIONS:worst_models,logistic-cycle,first demo,VENDOR:balancing:zim,OPERATIONS,1665467670.407
1.2,2022-09-12,INGHR,HC40,OPERATIONS:worst_models,logistic-cycle,first demo,VENDOR:balancing:zim,OPERATIONS,1665467670.407
1.75,2022-09-12,INHYX,HC40,OPERATIONS:worst_models,logistic-cycle,first demo,VENDOR:balancing:zim,OPERATIONS,1665467670.407
2.2,2022-09-12,INHZA,HC40,OPERATIONS:worst_models,logistic-cycle,first demo,VENDOR:balancing:zim,OPERATIONS,1665467670.407
1.6,2022-09-12,INITG,HC40,OPERATIONS:worst_models,logistic-cycle,first demo,VENDOR:balancing:zim,OPERATIONS,1665467670.407
21,2022-09-12,INNHV,HC40,OPERATIONS:worst_models,logistic-cycle,first demo,VENDOR:balancing:zim,OPERATIONS,1665467670.407
1.3333333333333333,2022-09-12,INPAV,DV20,OPERATIONS:worst_models,logistic-cycle,first demo,VENDOR:balancing:zim,OPERATIONS,1665467670.407
1.6,2022-09-12,ITLVN,DV20,OPERATIONS:worst_models,logistic-cycle,first demo,VENDOR:balancing:zim,OPERATIONS,1665467670.407
1.2,2022-09-12,JPKBE,HC40,OPERATIONS:worst_models,logistic-cycle,first demo,VENDOR:balancing:zim,OPERATIONS,1665467670.407
1.2,2022-09-12,JPOSA,HC40,OPERATIONS:worst_models,logistic-cycle,first demo,VENDOR:balancing:zim,OPERATIONS,1665467670.407
2.25,2022-09-12,JPYOK,HC40,OPERATIONS:worst_models,logistic-cycle,first demo,VENDOR:balancing:zim,OPERATIONS,1665467670.407
2.75,2022-09-12,KHPKH,DV20,OPERATIONS:worst_models,logistic-cycle,first demo,VENDOR:balancing:zim,OPERATIONS,1665467670.407
5.6,2022-09-12,LKCMB,DV20,OPERATIONS:worst_models,logistic-cycle,first demo,VENDOR:balancing:zim,OPERATIONS,1665467670.407
1.3333333333333333,2022-09-12,MXMEX,HC40,OPERATIONS:worst_models,logistic-cycle,first demo,VENDOR:balancing:zim,OPERATIONS,1665467670.407
1.4,2022-09-12,MXMTY,HC40,OPERATIONS:worst_models,logistic-cycle,first demo,VENDOR:balancing:zim,OPERATIONS,1665467670.407
1.2,2022-09-12,MYPSG,DV20,OPERATIONS:worst_models,logistic-cycle,first demo,VENDOR:balancing:zim,OPERATIONS,1665467670.407
3.8,2022-09-12,MYPSG,HC40,OPERATIONS:worst_models,logistic-cycle,first demo,VENDOR:balancing:zim,OPERATIONS,1665467670.407
1,2022-09-12,PYASU,DV20,OPERATIONS:worst_models,logistic-cycle,first demo,VENDOR:balancing:zim,OPERATIONS,1665467670.407
8.4,2022-09-12,TWKSG,HC40,OPERATIONS:worst_models,logistic-cycle,first demo,VENDOR:balancing:zim,OPERATIONS,1665467670.407
15.2,2022-09-12,TZDAR,HC40,OPERATIONS:worst_models,logistic-cycle,first demo,VENDOR:balancing:zim,OPERATIONS,1665467670.407
21.2,2022-09-12,USBAL,HC40,OPERATIONS:worst_models,logistic-cycle,first demo,VENDOR:balancing:zim,OPERATIONS,1665467670.407
1,2022-09-12,USCLT,DV20,OPERATIONS:worst_models,logistic-cycle,first demo,VENDOR:balancing:zim,OPERATIONS,1665467670.407
1.4,2022-09-12,USCVG,DV20,OPERATIONS:worst_models,logistic-cycle,first demo,VENDOR:balancing:zim,OPERATIONS,1665467670.407
28.8,2022-09-12,USIAH,HC40,OPERATIONS:worst_models,logistic-cycle,first demo,VENDOR:balancing:zim,OPERATIONS,1665467670.407
1.8,2022-09-12,USILM,DV20,OPERATIONS:worst_models,logistic-cycle,first demo,VENDOR:balancing:zim,OPERATIONS,1665467670.407
11,2022-09-12,USMOB,HC40,OPERATIONS:worst_models,logistic-cycle,first demo,VENDOR:balancing:zim,OPERATIONS,1665467670.407
12.8,2022-09-12,USORF,HC40,OPERATIONS:worst_models,logistic-cycle,first demo,VENDOR:balancing:zim,OPERATIONS,1665467670.407
0.6,2022-09-12,USSTL,DV20,OPERATIONS:worst_models,logistic-cycle,first demo,VENDOR:balancing:zim,OPERATIONS,1665467670.407
1,2022-09-12,USWOR,DV20,OPERATIONS:worst_models,logistic-cycle,first demo,VENDOR:balancing:zim,OPERATIONS,1665467670.407
5.4,2022-09-12,UYMVD,HC40,OPERATIONS:worst_models,logistic-cycle,first demo,VENDOR:balancing:zim,OPERATIONS,1665467670.407
2.4,2022-09-12,VEGUT,HC40,OPERATIONS:worst_models,logistic-cycle,first demo,VENDOR:balancing:zim,OPERATIONS,1665467670.407
27.6,2022-09-12,VNHAI,HC40,OPERATIONS:worst_models,logistic-cycle,first demo,VENDOR:balancing:zim,OPERATIONS,1665467670.407
3.6,2022-09-12,ZAJNB,HC40,OPERATIONS:worst_models,logistic-cycle,first demo,VENDOR:balancing:zim,OPERATIONS,1665467670.407
2,2022-09-18,ALDRR,DV20,OPERATIONS:worst_models,logistic-cycle,first demo,VENDOR:logistic-cycle:zim,OPERATIONS,1665467670.407
5,2022-09-18,BDCGP,HC40,OPERATIONS:worst_models,logistic-cycle,first demo,VENDOR:logistic-cycle:zim,OPERATIONS,1665467670.407
1,2022-09-18,BDDAC,HC40,OPERATIONS:worst_models,logistic-cycle,first demo,VENDOR:logistic-cycle:zim,OPERATIONS,1665467670.407
1,2022-09-18,BEANR,DV20,OPERATIONS:worst_models,logistic-cycle,first demo,VENDOR:logistic-cycle:zim,OPERATIONS,1665467670.407
0,2022-09-18,BGVAR,DV20,OPERATIONS:worst_models,logistic-cycle,first demo,VENDOR:logistic-cycle:zim,OPERATIONS,1665467670.407
1,2022-09-18,BRPGU,HC40,OPERATIONS:worst_models,logistic-cycle,first demo,VENDOR:logistic-cycle:zim,OPERATIONS,1665467670.407
0,2022-09-18,BRSNT,HC40,OPERATIONS:worst_models,logistic-cycle,first demo,VENDOR:logistic-cycle:zim,OPERATIONS,1665467670.407
1,2022-09-18,CACAL,HC40,OPERATIONS:worst_models,logistic-cycle,first demo,VENDOR:logistic-cycle:zim,OPERATIONS,1665467670.407
1,2022-09-18,CARGI,HC40,OPERATIONS:worst_models,logistic-cycle,first demo,VENDOR:logistic-cycle:zim,OPERATIONS,1665467670.407
1,2022-09-18,CNHUA,HC40,OPERATIONS:worst_models,logistic-cycle,first demo,VENDOR:logistic-cycle:zim,OPERATIONS,1665467670.407
5,2022-09-18,CNNTG,DV20,OPERATIONS:worst_models,logistic-cycle,first demo,VENDOR:logistic-cycle:zim,OPERATIONS,1665467670.407
2,2022-09-18,CNOCQ,DV20,OPERATIONS:worst_models,logistic-cycle,first demo,VENDOR:logistic-cycle:zim,OPERATIONS,1665467670.407
1,2022-09-18,CNZSH,HC40,OPERATIONS:worst_models,logistic-cycle,first demo,VENDOR:logistic-cycle:zim,OPERATIONS,1665467670.407
0,2022-09-18,CRSAN,DV20,OPERATIONS:worst_models,logistic-cycle,first demo,VENDOR:logistic-cycle:zim,OPERATIONS,1665467670.407
0,2022-09-18,CWWTD,HC40,OPERATIONS:worst_models,logistic-cycle,first demo,VENDOR:logistic-cycle:zim,OPERATIONS,1665467670.407
0,2022-09-18,ESTRG,HC40,OPERATIONS:worst_models,logistic-cycle,first demo,VENDOR:logistic-cycle:zim,OPERATIONS,1665467670.407
1,2022-09-18,FRLEH,DV20,OPERATIONS:worst_models,logistic-cycle,first demo,VENDOR:logistic-cycle:zim,OPERATIONS,1665467670.407
0,2022-09-18,FRLEH,HC40,OPERATIONS:worst_models,logistic-cycle,first demo,VENDOR:logistic-cycle:zim,OPERATIONS,1665467670.407
1,2022-09-18,GRPIE,DV20,OPERATIONS:worst_models,logistic-cycle,first demo,VENDOR:logistic-cycle:zim,OPERATIONS,1665467670.407
3,2022-09-18,HKHKG,HC40,OPERATIONS:worst_models,logistic-cycle,first demo,VENDOR:logistic-cycle:zim,OPERATIONS,1665467670.407
0,2022-09-18,HTPAP,HC40,OPERATIONS:worst_models,logistic-cycle,first demo,VENDOR:logistic-cycle:zim,OPERATIONS,1665467670.407
15,2022-09-18,ILHFA,HC40,OPERATIONS:worst_models,logistic-cycle,first demo,VENDOR:logistic-cycle:zim,OPERATIONS,1665467670.407
3,2022-09-18,INAHM,DV20,OPERATIONS:worst_models,logistic-cycle,first demo,VENDOR:logistic-cycle:zim,OPERATIONS,1665467670.407
0,2022-09-18,INAKV,DV20,OPERATIONS:worst_models,logistic-cycle,first demo,VENDOR:logistic-cycle:zim,OPERATIONS,1665467670.407
3,2022-09-18,INCCU,DV20,OPERATIONS:worst_models,logistic-cycle,first demo,VENDOR:logistic-cycle:zim,OPERATIONS,1665467670.407
2,2022-09-18,INFBD,HC40,OPERATIONS:worst_models,logistic-cycle,first demo,VENDOR:logistic-cycle:zim,OPERATIONS,1665467670.407
2,2022-09-18,INGHR,HC40,OPERATIONS:worst_models,logistic-cycle,first demo,VENDOR:logistic-cycle:zim,OPERATIONS,1665467670.407
1,2022-09-18,INHYX,HC40,OPERATIONS:worst_models,logistic-cycle,first demo,VENDOR:logistic-cycle:zim,OPERATIONS,1665467670.407
8,2022-09-18,INHZA,HC40,OPERATIONS:worst_models,logistic-cycle,first demo,VENDOR:logistic-cycle:zim,OPERATIONS,1665467670.407
1,2022-09-18,INITG,HC40,OPERATIONS:worst_models,logistic-cycle,first demo,VENDOR:logistic-cycle:zim,OPERATIONS,1665467670.407
0,2022-09-18,INJOH,HC40,OPERATIONS:worst_models,logistic-cycle,first demo,VENDOR:logistic-cycle:zim,OPERATIONS,1665467670.407
0,2022-09-18,INNAG,HC40,OPERATIONS:worst_models,logistic-cycle,first demo,VENDOR:logistic-cycle:zim,OPERATIONS,1665467670.407
38,2022-09-18,INNHV,HC40,OPERATIONS:worst_models,logistic-cycle,first demo,VENDOR:logistic-cycle:zim,OPERATIONS,1665467670.407
0,2022-09-18,INPAV,DV20,OPERATIONS:worst_models,logistic-cycle,first demo,VENDOR:logistic-cycle:zim,OPERATIONS,1665467670.407
1,2022-09-18,ITLVN,DV20,OPERATIONS:worst_models,logistic-cycle,first demo,VENDOR:logistic-cycle:zim,OPERATIONS,1665467670.407
0,2022-09-18,ITMXP,DV20,OPERATIONS:worst_models,logistic-cycle,first demo,VENDOR:logistic-cycle:zim,OPERATIONS,1665467670.407
1,2022-09-18,JPKBE,HC40,OPERATIONS:worst_models,logistic-cycle,first demo,VENDOR:logistic-cycle:zim,OPERATIONS,1665467670.407
1,2022-09-18,JPOSA,HC40,OPERATIONS:worst_models,logistic-cycle,first demo,VENDOR:logistic-cycle:zim,OPERATIONS,1665467670.407
0,2022-09-18,JPYOK,HC40,OPERATIONS:worst_models,logistic-cycle,first demo,VENDOR:logistic-cycle:zim,OPERATIONS,1665467670.407
1,2022-09-18,KHPKH,DV20,OPERATIONS:worst_models,logistic-cycle,first demo,VENDOR:logistic-cycle:zim,OPERATIONS,1665467670.407
8,2022-09-18,LKCMB,DV20,OPERATIONS:worst_models,logistic-cycle,first demo,VENDOR:logistic-cycle:zim,OPERATIONS,1665467670.407
0,2022-09-18,MXMEX,HC40,OPERATIONS:worst_models,logistic-cycle,first demo,VENDOR:logistic-cycle:zim,OPERATIONS,1665467670.407
0,2022-09-18,MXMTY,HC40,OPERATIONS:worst_models,logistic-cycle,first demo,VENDOR:logistic-cycle:zim,OPERATIONS,1665467670.407
0,2022-09-18,MYPSG,DV20,OPERATIONS:worst_models,logistic-cycle,first demo,VENDOR:logistic-cycle:zim,OPERATIONS,1665467670.407
1,2022-09-18,MYPSG,HC40,OPERATIONS:worst_models,logistic-cycle,first demo,VENDOR:logistic-cycle:zim,OPERATIONS,1665467670.407
0,2022-09-18,PYASU,DV20,OPERATIONS:worst_models,logistic-cycle,first demo,VENDOR:logistic-cycle:zim,OPERATIONS,1665467670.407
0,2022-09-18,TWKSG,HC40,OPERATIONS:worst_models,logistic-cycle,first demo,VENDOR:logistic-cycle:zim,OPERATIONS,1665467670.407
14,2022-09-18,TZDAR,HC40,OPERATIONS:worst_models,logistic-cycle,first demo,VENDOR:logistic-cycle:zim,OPERATIONS,1665467670.407
3,2022-09-18,USBAL,HC40,OPERATIONS:worst_models,logistic-cycle,first demo,VENDOR:logistic-cycle:zim,OPERATIONS,1665467670.407
0,2022-09-18,USCLT,DV20,OPERATIONS:worst_models,logistic-cycle,first demo,VENDOR:logistic-cycle:zim,OPERATIONS,1665467670.407
1,2022-09-18,USCVG,DV20,OPERATIONS:worst_models,logistic-cycle,first demo,VENDOR:logistic-cycle:zim,OPERATIONS,1665467670.407
1,2022-09-18,USIAH,HC40,OPERATIONS:worst_models,logistic-cycle,first demo,VENDOR:logistic-cycle:zim,OPERATIONS,1665467670.407
1,2022-09-18,USILM,DV20,OPERATIONS:worst_models,logistic-cycle,first demo,VENDOR:logistic-cycle:zim,OPERATIONS,1665467670.407
1,2022-09-18,USMOB,HC40,OPERATIONS:worst_models,logistic-cycle,first demo,VENDOR:logistic-cycle:zim,OPERATIONS,1665467670.407
2,2022-09-18,USORF,HC40,OPERATIONS:worst_models,logistic-cycle,first demo,VENDOR:logistic-cycle:zim,OPERATIONS,1665467670.407
0,2022-09-18,USSTL,DV20,OPERATIONS:worst_models,logistic-cycle,first demo,VENDOR:logistic-cycle:zim,OPERATIONS,1665467670.407
1,2022-09-18,USWOR,DV20,OPERATIONS:worst_models,logistic-cycle,first demo,VENDOR:logistic-cycle:zim,OPERATIONS,1665467670.407
4,2022-09-18,UYMVD,HC40,OPERATIONS:worst_models,logistic-cycle,first demo,VENDOR:logistic-cycle:zim,OPERATIONS,1665467670.407
4,2022-09-18,VEGUT,HC40,OPERATIONS:worst_models,logistic-cycle,first demo,VENDOR:logistic-cycle:zim,OPERATIONS,1665467670.407
25,2022-09-18,VNHAI,HC40,OPERATIONS:worst_models,logistic-cycle,first demo,VENDOR:logistic-cycle:zim,OPERATIONS,1665467670.407
0,2022-09-18,ZAJNB,HC40,OPERATIONS:worst_models,logistic-cycle,first demo,VENDOR:logistic-cycle:zim,OPERATIONS,1665467670.407
2,2022-09-19,ALDRR,DV20,OPERATIONS:worst_models,logistic-cycle,first demo,VENDOR:logistic-cycle:zim,OPERATIONS,1665467670.407
13,2022-09-19,BDCGP,HC40,OPERATIONS:worst_models,logistic-cycle,first demo,VENDOR:logistic-cycle:zim,OPERATIONS,1665467670.407
4,2022-09-19,BDDAC,HC40,OPERATIONS:worst_models,logistic-cycle,first demo,VENDOR:logistic-cycle:zim,OPERATIONS,1665467670.407
0,2022-09-19,BEANR,DV20,OPERATIONS:worst_models,logistic-cycle,first demo,VENDOR:logistic-cycle:zim,OPERATIONS,1665467670.407
1,2022-09-19,BGVAR,DV20,OPERATIONS:worst_models,logistic-cycle,first demo,VENDOR:logistic-cycle:zim,OPERATIONS,1665467670.407
4,2022-09-19,BRPGU,HC40,OPERATIONS:worst_models,logistic-cycle,first demo,VENDOR:logistic-cycle:zim,OPERATIONS,1665467670.407
17,2022-09-19,BRSNT,HC40,OPERATIONS:worst_models,logistic-cycle,first demo,VENDOR:logistic-cycle:zim,OPERATIONS,1665467670.407
1,2022-09-19,CACAL,HC40,OPERATIONS:worst_models,logistic-cycle,first demo,VENDOR:logistic-cycle:zim,OPERATIONS,1665467670.407
0,2022-09-19,CARGI,HC40,OPERATIONS:worst_models,logistic-cycle,first demo,VENDOR:logistic-cycle:zim,OPERATIONS,1665467670.407
2,2022-09-19,CNHUA,HC40,OPERATIONS:worst_models,logistic-cycle,first demo,VENDOR:logistic-cycle:zim,OPERATIONS,1665467670.407
3,2022-09-19,CNNTG,DV20,OPERATIONS:worst_models,logistic-cycle,first demo,VENDOR:logistic-cycle:zim,OPERATIONS,1665467670.407
18,2022-09-19,CNOCQ,DV20,OPERATIONS:worst_models,logistic-cycle,first demo,VENDOR:logistic-cycle:zim,OPERATIONS,1665467670.407
5,2022-09-19,CNZSH,HC40,OPERATIONS:worst_models,logistic-cycle,first demo,VENDOR:logistic-cycle:zim,OPERATIONS,1665467670.407
1,2022-09-19,CRSAN,DV20,OPERATIONS:worst_models,logistic-cycle,first demo,VENDOR:logistic-cycle:zim,OPERATIONS,1665467670.407
1,2022-09-19,CWWTD,HC40,OPERATIONS:worst_models,logistic-cycle,first demo,VENDOR:logistic-cycle:zim,OPERATIONS,1665467670.407
1,2022-09-19,ESTRG,HC40,OPERATIONS:worst_models,logistic-cycle,first demo,VENDOR:logistic-cycle:zim,OPERATIONS,1665467670.407
3,2022-09-19,FRLEH,DV20,OPERATIONS:worst_models,logistic-cycle,first demo,VENDOR:logistic-cycle:zim,OPERATIONS,1665467670.407
2,2022-09-19,FRLEH,HC40,OPERATIONS:worst_models,logistic-cycle,first demo,VENDOR:logistic-cycle:zim,OPERATIONS,1665467670.407
2,2022-09-19,GRPIE,DV20,OPERATIONS:worst_models,logistic-cycle,first demo,VENDOR:logistic-cycle:zim,OPERATIONS,1665467670.407
2,2022-09-19,HKHKG,HC40,OPERATIONS:worst_models,logistic-cycle,first demo,VENDOR:logistic-cycle:zim,OPERATIONS,1665467670.407
2,2022-09-19,HTPAP,HC40,OPERATIONS:worst_models,logistic-cycle,first demo,VENDOR:logistic-cycle:zim,OPERATIONS,1665467670.407
67,2022-09-19,ILHFA,HC40,OPERATIONS:worst_models,logistic-cycle,first demo,VENDOR:logistic-cycle:zim,OPERATIONS,1665467670.407
2,2022-09-19,INAHM,DV20,OPERATIONS:worst_models,logistic-cycle,first demo,VENDOR:logistic-cycle:zim,OPERATIONS,1665467670.407
0,2022-09-19,INAKV,DV20,OPERATIONS:worst_models,logistic-cycle,first demo,VENDOR:logistic-cycle:zim,OPERATIONS,1665467670.407
6,2022-09-19,INCCU,DV20,OPERATIONS:worst_models,logistic-cycle,first demo,VENDOR:logistic-cycle:zim,OPERATIONS,1665467670.407
2,2022-09-19,INFBD,HC40,OPERATIONS:worst_models,logistic-cycle,first demo,VENDOR:logistic-cycle:zim,OPERATIONS,1665467670.407
2,2022-09-19,INGHR,HC40,OPERATIONS:worst_models,logistic-cycle,first demo,VENDOR:logistic-cycle:zim,OPERATIONS,1665467670.407
1,2022-09-19,INHYX,HC40,OPERATIONS:worst_models,logistic-cycle,first demo,VENDOR:logistic-cycle:zim,OPERATIONS,1665467670.407
11,2022-09-19,INHZA,HC40,OPERATIONS:worst_models,logistic-cycle,first demo,VENDOR:logistic-cycle:zim,OPERATIONS,1665467670.407
1,2022-09-19,INITG,HC40,OPERATIONS:worst_models,logistic-cycle,first demo,VENDOR:logistic-cycle:zim,OPERATIONS,1665467670.407
0,2022-09-19,INJOH,HC40,OPERATIONS:worst_models,logistic-cycle,first demo,VENDOR:logistic-cycle:zim,OPERATIONS,1665467670.407
0,2022-09-19,INNAG,HC40,OPERATIONS:worst_models,logistic-cycle,first demo,VENDOR:logistic-cycle:zim,OPERATIONS,1665467670.407
30,2022-09-19,INNHV,HC40,OPERATIONS:worst_models,logistic-cycle,first demo,VENDOR:logistic-cycle:zim,OPERATIONS,1665467670.407
0,2022-09-19,INPAV,DV20,OPERATIONS:worst_models,logistic-cycle,first demo,VENDOR:logistic-cycle:zim,OPERATIONS,1665467670.407
1,2022-09-19,ITLVN,DV20,OPERATIONS:worst_models,logistic-cycle,first demo,VENDOR:logistic-cycle:zim,OPERATIONS,1665467670.407
0,2022-09-19,ITMXP,DV20,OPERATIONS:worst_models,logistic-cycle,first demo,VENDOR:logistic-cycle:zim,OPERATIONS,1665467670.407
1,2022-09-19,JPKBE,HC40,OPERATIONS:worst_models,logistic-cycle,first demo,VENDOR:logistic-cycle:zim,OPERATIONS,1665467670.407
0,2022-09-19,JPOSA,HC40,OPERATIONS:worst_models,logistic-cycle,first demo,VENDOR:logistic-cycle:zim,OPERATIONS,1665467670.407
0,2022-09-19,JPYOK,HC40,OPERATIONS:worst_models,logistic-cycle,first demo,VENDOR:logistic-cycle:zim,OPERATIONS,1665467670.407
3,2022-09-19,KHPKH,DV20,OPERATIONS:worst_models,logistic-cycle,first demo,VENDOR:logistic-cycle:zim,OPERATIONS,1665467670.407
3,2022-09-19,LKCMB,DV20,OPERATIONS:worst_models,logistic-cycle,first demo,VENDOR:logistic-cycle:zim,OPERATIONS,1665467670.407
1,2022-09-19,MXMEX,HC40,OPERATIONS:worst_models,logistic-cycle,first demo,VENDOR:logistic-cycle:zim,OPERATIONS,1665467670.407
1,2022-09-19,MXMTY,HC40,OPERATIONS:worst_models,logistic-cycle,first demo,VENDOR:logistic-cycle:zim,OPERATIONS,1665467670.407
2,2022-09-19,MYPSG,DV20,OPERATIONS:worst_models,logistic-cycle,first demo,VENDOR:logistic-cycle:zim,OPERATIONS,1665467670.407
3,2022-09-19,MYPSG,HC40,OPERATIONS:worst_models,logistic-cycle,first demo,VENDOR:logistic-cycle:zim,OPERATIONS,1665467670.407
1,2022-09-19,PYASU,DV20,OPERATIONS:worst_models,logistic-cycle,first demo,VENDOR:logistic-cycle:zim,OPERATIONS,1665467670.407
7,2022-09-19,TWKSG,HC40,OPERATIONS:worst_models,logistic-cycle,first demo,VENDOR:logistic-cycle:zim,OPERATIONS,1665467670.407
9,2022-09-19,TZDAR,HC40,OPERATIONS:worst_models,logistic-cycle,first demo,VENDOR:logistic-cycle:zim,OPERATIONS,1665467670.407
44,2022-09-19,USBAL,HC40,OPERATIONS:worst_models,logistic-cycle,first demo,VENDOR:logistic-cycle:zim,OPERATIONS,1665467670.407
0,2022-09-19,USCLT,DV20,OPERATIONS:worst_models,logistic-cycle,first demo,VENDOR:logistic-cycle:zim,OPERATIONS,1665467670.407
1,2022-09-19,USCVG,DV20,OPERATIONS:worst_models,logistic-cycle,first demo,VENDOR:logistic-cycle:zim,OPERATIONS,1665467670.407
25,2022-09-19,USIAH,HC40,OPERATIONS:worst_models,logistic-cycle,first demo,VENDOR:logistic-cycle:zim,OPERATIONS,1665467670.407
1,2022-09-19,USILM,DV20,OPERATIONS:worst_models,logistic-cycle,first demo,VENDOR:logistic-cycle:zim,OPERATIONS,1665467670.407
10,2022-09-19,USMOB,HC40,OPERATIONS:worst_models,logistic-cycle,first demo,VENDOR:logistic-cycle:zim,OPERATIONS,1665467670.407
14,2022-09-19,USORF,HC40,OPERATIONS:worst_models,logistic-cycle,first demo,VENDOR:logistic-cycle:zim,OPERATIONS,1665467670.407
1,2022-09-19,USSTL,DV20,OPERATIONS:worst_models,logistic-cycle,first demo,VENDOR:logistic-cycle:zim,OPERATIONS,1665467670.407
1,2022-09-19,USWOR,DV20,OPERATIONS:worst_models,logistic-cycle,first demo,VENDOR:logistic-cycle:zim,OPERATIONS,1665467670.407
4,2022-09-19,UYMVD,HC40,OPERATIONS:worst_models,logistic-cycle,first demo,VENDOR:logistic-cycle:zim,OPERATIONS,1665467670.407
10,2022-09-19,VEGUT,HC40,OPERATIONS:worst_models,logistic-cycle,first demo,VENDOR:logistic-cycle:zim,OPERATIONS,1665467670.407
18,2022-09-19,VNHAI,HC40,OPERATIONS:worst_models,logistic-cycle,first demo,VENDOR:logistic-cycle:zim,OPERATIONS,1665467670.407
6,2022-09-19,ZAJNB,HC40,OPERATIONS:worst_models,logistic-cycle,first demo,VENDOR:logistic-cycle:zim,OPERATIONS,1665467670.407
0,2022-10-09,AUBNE,DV20,OPERATIONS:worst_models,logistic-cycle,first demo,VENDOR:logistic-cycle:OPERATIONS,OPERATIONS,1665467670.407
0,2022-10-09,AUBNE,HC40,OPERATIONS:worst_models,logistic-cycle,first demo,VENDOR:logistic-cycle:OPERATIONS,OPERATIONS,1665467670.407
0,2022-10-09,AUMEL,HC40,OPERATIONS:worst_models,logistic-cycle,first demo,VENDOR:logistic-cycle:OPERATIONS,OPERATIONS,1665467670.407
0,2022-10-09,AUSYD,DV20,OPERATIONS:worst_models,logistic-cycle,first demo,VENDOR:logistic-cycle:OPERATIONS,OPERATIONS,1665467670.407
0,2022-10-09,AUSYD,HC40,OPERATIONS:worst_models,logistic-cycle,first demo,VENDOR:logistic-cycle:OPERATIONS,OPERATIONS,1665467670.407
8,2022-10-09,BDCGP,DV20,OPERATIONS:worst_models,logistic-cycle,first demo,VENDOR:logistic-cycle:OPERATIONS,OPERATIONS,1665467670.407
6,2022-10-09,BDCGP,HC40,OPERATIONS:worst_models,logistic-cycle,first demo,VENDOR:logistic-cycle:OPERATIONS,OPERATIONS,1665467670.407
0,2022-10-09,BRIIP,HC40,OPERATIONS:worst_models,logistic-cycle,first demo,VENDOR:logistic-cycle:OPERATIONS,OPERATIONS,1665467670.407
0,2022-10-09,CAMTL,DV20,OPERATIONS:worst_models,logistic-cycle,first demo,VENDOR:logistic-cycle:OPERATIONS,OPERATIONS,1665467670.407
2,2022-10-09,CAMTL,HC40,OPERATIONS:worst_models,logistic-cycle,first demo,VENDOR:logistic-cycle:OPERATIONS,OPERATIONS,1665467670.407
2,2022-10-09,CATRT,DV20,OPERATIONS:worst_models,logistic-cycle,first demo,VENDOR:logistic-cycle:OPERATIONS,OPERATIONS,1665467670.407
6,2022-10-09,CATRT,HC40,OPERATIONS:worst_models,logistic-cycle,first demo,VENDOR:logistic-cycle:OPERATIONS,OPERATIONS,1665467670.407
0,2022-10-09,CAVAN,HC40,OPERATIONS:worst_models,logistic-cycle,first demo,VENDOR:logistic-cycle:OPERATIONS,OPERATIONS,1665467670.407
2,2022-10-09,CNNGB,DV20,OPERATIONS:worst_models,logistic-cycle,first demo,VENDOR:logistic-cycle:OPERATIONS,OPERATIONS,1665467670.407
6,2022-10-09,CNNGB,HC40,OPERATIONS:worst_models,logistic-cycle,first demo,VENDOR:logistic-cycle:OPERATIONS,OPERATIONS,1665467670.407
8,2022-10-09,CNSNH,DV20,OPERATIONS:worst_models,logistic-cycle,first demo,VENDOR:logistic-cycle:OPERATIONS,OPERATIONS,1665467670.407
18,2022-10-09,CNSNH,HC40,OPERATIONS:worst_models,logistic-cycle,first demo,VENDOR:logistic-cycle:OPERATIONS,OPERATIONS,1665467670.407
7,2022-10-09,CNXNG,DV20,OPERATIONS:worst_models,logistic-cycle,first demo,VENDOR:logistic-cycle:OPERATIONS,OPERATIONS,1665467670.407
6,2022-10-09,CNXNG,HC40,OPERATIONS:worst_models,logistic-cycle,first demo,VENDOR:logistic-cycle:OPERATIONS,OPERATIONS,1665467670.407
1,2022-10-09,DORHA,DV20,OPERATIONS:worst_models,logistic-cycle,first demo,VENDOR:logistic-cycle:OPERATIONS,OPERATIONS,1665467670.407
7,2022-10-09,DORHA,HC40,OPERATIONS:worst_models,logistic-cycle,first demo,VENDOR:logistic-cycle:OPERATIONS,OPERATIONS,1665467670.407
0,2022-10-09,GBFLX,DV20,OPERATIONS:worst_models,logistic-cycle,first demo,VENDOR:logistic-cycle:OPERATIONS,OPERATIONS,1665467670.407
0,2022-10-09,GBFLX,HC40,OPERATIONS:worst_models,logistic-cycle,first demo,VENDOR:logistic-cycle:OPERATIONS,OPERATIONS,1665467670.407
0,2022-10-09,GEHAM,DV20,OPERATIONS:worst_models,logistic-cycle,first demo,VENDOR:logistic-cycle:OPERATIONS,OPERATIONS,1665467670.407
0,2022-10-09,GEHAM,HC40,OPERATIONS:worst_models,logistic-cycle,first demo,VENDOR:logistic-cycle:OPERATIONS,OPERATIONS,1665467670.407
3,2022-10-09,IDJKT,DV20,OPERATIONS:worst_models,logistic-cycle,first demo,VENDOR:logistic-cycle:OPERATIONS,OPERATIONS,1665467670.407
2,2022-10-09,IDJKT,HC40,OPERATIONS:worst_models,logistic-cycle,first demo,VENDOR:logistic-cycle:OPERATIONS,OPERATIONS,1665467670.407
202,2022-10-09,ILASH,HC40,OPERATIONS:worst_models,logistic-cycle,first demo,VENDOR:logistic-cycle:OPERATIONS,OPERATIONS,1665467670.407
81,2022-10-09,ILHFA,DV20,OPERATIONS:worst_models,logistic-cycle,first demo,VENDOR:logistic-cycle:OPERATIONS,OPERATIONS,1665467670.407
163,2022-10-09,ILHFA,HC40,OPERATIONS:worst_models,logistic-cycle,first demo,VENDOR:logistic-cycle:OPERATIONS,OPERATIONS,1665467670.407
0,2022-10-09,INIDS,DV20,OPERATIONS:worst_models,logistic-cycle,first demo,VENDOR:logistic-cycle:OPERATIONS,OPERATIONS,1665467670.407
0,2022-10-09,INIDS,HC40,OPERATIONS:worst_models,logistic-cycle,first demo,VENDOR:logistic-cycle:OPERATIONS,OPERATIONS,1665467670.407
9,2022-10-09,INMAA,DV20,OPERATIONS:worst_models,logistic-cycle,first demo,VENDOR:logistic-cycle:OPERATIONS,OPERATIONS,1665467670.407
2,2022-10-09,INMAA,HC40,OPERATIONS:worst_models,logistic-cycle,first demo,VENDOR:logistic-cycle:OPERATIONS,OPERATIONS,1665467670.407
7,2022-10-09,INNHV,DV20,OPERATIONS:worst_models,logistic-cycle,first demo,VENDOR:logistic-cycle:OPERATIONS,OPERATIONS,1665467670.407
13,2022-10-09,INNHV,HC40,OPERATIONS:worst_models,logistic-cycle,first demo,VENDOR:logistic-cycle:OPERATIONS,OPERATIONS,1665467670.407
34,2022-10-09,INRQL,DV20,OPERATIONS:worst_models,logistic-cycle,first demo,VENDOR:logistic-cycle:OPERATIONS,OPERATIONS,1665467670.407
4,2022-10-09,INRQL,HC40,OPERATIONS:worst_models,logistic-cycle,first demo,VENDOR:logistic-cycle:OPERATIONS,OPERATIONS,1665467670.407
0,2022-10-09,KRPUS,HC40,OPERATIONS:worst_models,logistic-cycle,first demo,VENDOR:logistic-cycle:OPERATIONS,OPERATIONS,1665467670.407
0,2022-10-09,MXVER,HC40,OPERATIONS:worst_models,logistic-cycle,first demo,VENDOR:logistic-cycle:OPERATIONS,OPERATIONS,1665467670.407
3,2022-10-09,MYPKL,DV20,OPERATIONS:worst_models,logistic-cycle,first demo,VENDOR:logistic-cycle:OPERATIONS,OPERATIONS,1665467670.407
6,2022-10-09,MYPKL,HC40,OPERATIONS:worst_models,logistic-cycle,first demo,VENDOR:logistic-cycle:OPERATIONS,OPERATIONS,1665467670.407
1,2022-10-09,NGLOS,DV20,OPERATIONS:worst_models,logistic-cycle,first demo,VENDOR:logistic-cycle:OPERATIONS,OPERATIONS,1665467670.407
1,2022-10-09,NGLOS,HC40,OPERATIONS:worst_models,logistic-cycle,first demo,VENDOR:logistic-cycle:OPERATIONS,OPERATIONS,1665467670.407
3,2022-10-09,NLRTM,DV20,OPERATIONS:worst_models,logistic-cycle,first demo,VENDOR:logistic-cycle:OPERATIONS,OPERATIONS,1665467670.407
3,2022-10-09,NLRTM,HC40,OPERATIONS:worst_models,logistic-cycle,first demo,VENDOR:logistic-cycle:OPERATIONS,OPERATIONS,1665467670.407
10,2022-10-09,PHMNT,DV20,OPERATIONS:worst_models,logistic-cycle,first demo,VENDOR:logistic-cycle:OPERATIONS,OPERATIONS,1665467670.407
7,2022-10-09,PHMNT,HC40,OPERATIONS:worst_models,logistic-cycle,first demo,VENDOR:logistic-cycle:OPERATIONS,OPERATIONS,1665467670.407
3,2022-10-09,PLGDY,DV20,OPERATIONS:worst_models,logistic-cycle,first demo,VENDOR:logistic-cycle:OPERATIONS,OPERATIONS,1665467670.407
0,2022-10-09,PLGDY,HC40,OPERATIONS:worst_models,logistic-cycle,first demo,VENDOR:logistic-cycle:OPERATIONS,OPERATIONS,1665467670.407
0,2022-10-09,ROCST,DV20,OPERATIONS:worst_models,logistic-cycle,first demo,VENDOR:logistic-cycle:OPERATIONS,OPERATIONS,1665467670.407
2,2022-10-09,ROCST,HC40,OPERATIONS:worst_models,logistic-cycle,first demo,VENDOR:logistic-cycle:OPERATIONS,OPERATIONS,1665467670.407
1,2022-10-09,SGSIN,HC40,OPERATIONS:worst_models,logistic-cycle,first demo,VENDOR:logistic-cycle:OPERATIONS,OPERATIONS,1665467670.407
0,2022-10-09,TRKPX,HC40,OPERATIONS:worst_models,logistic-cycle,first demo,VENDOR:logistic-cycle:OPERATIONS,OPERATIONS,1665467670.407
0,2022-10-09,TRMER,HC40,OPERATIONS:worst_models,logistic-cycle,first demo,VENDOR:logistic-cycle:OPERATIONS,OPERATIONS,1665467670.407
0,2022-10-09,TRYAR,DV20,OPERATIONS:worst_models,logistic-cycle,first demo,VENDOR:logistic-cycle:OPERATIONS,OPERATIONS,1665467670.407
0,2022-10-09,TRYAR,HC40,OPERATIONS:worst_models,logistic-cycle,first demo,VENDOR:logistic-cycle:OPERATIONS,OPERATIONS,1665467670.407
0,2022-10-09,USATL,DV20,OPERATIONS:worst_models,logistic-cycle,first demo,VENDOR:logistic-cycle:OPERATIONS,OPERATIONS,1665467670.407
0,2022-10-09,USATL,HC40,OPERATIONS:worst_models,logistic-cycle,first demo,VENDOR:logistic-cycle:OPERATIONS,OPERATIONS,1665467670.407
0,2022-10-09,USBAL,HC40,OPERATIONS:worst_models,logistic-cycle,first demo,VENDOR:logistic-cycle:OPERATIONS,OPERATIONS,1665467670.407
0,2022-10-09,USCHI,DV20,OPERATIONS:worst_models,logistic-cycle,first demo,VENDOR:logistic-cycle:OPERATIONS,OPERATIONS,1665467670.407
4,2022-10-09,USCHI,HC40,OPERATIONS:worst_models,logistic-cycle,first demo,VENDOR:logistic-cycle:OPERATIONS,OPERATIONS,1665467670.407
0,2022-10-09,USCHS,DV20,OPERATIONS:worst_models,logistic-cycle,first demo,VENDOR:logistic-cycle:OPERATIONS,OPERATIONS,1665467670.407
0,2022-10-09,USCHS,HC40,OPERATIONS:worst_models,logistic-cycle,first demo,VENDOR:logistic-cycle:OPERATIONS,OPERATIONS,1665467670.407
0,2022-10-09,USCLB,HC40,OPERATIONS:worst_models,logistic-cycle,first demo,VENDOR:logistic-cycle:OPERATIONS,OPERATIONS,1665467670.407
0,2022-10-09,USCLE,HC40,OPERATIONS:worst_models,logistic-cycle,first demo,VENDOR:logistic-cycle:OPERATIONS,OPERATIONS,1665467670.407
0,2022-10-09,USDET,HC40,OPERATIONS:worst_models,logistic-cycle,first demo,VENDOR:logistic-cycle:OPERATIONS,OPERATIONS,1665467670.407
0,2022-10-09,USJAX,HC40,OPERATIONS:worst_models,logistic-cycle,first demo,VENDOR:logistic-cycle:OPERATIONS,OPERATIONS,1665467670.407
0,2022-10-09,USLAX,DV20,OPERATIONS:worst_models,logistic-cycle,first demo,VENDOR:logistic-cycle:OPERATIONS,OPERATIONS,1665467670.407
0,2022-10-09,USLAX,HC40,OPERATIONS:worst_models,logistic-cycle,first demo,VENDOR:logistic-cycle:OPERATIONS,OPERATIONS,1665467670.407
0,2022-10-09,USMEM,HC40,OPERATIONS:worst_models,logistic-cycle,first demo,VENDOR:logistic-cycle:OPERATIONS,OPERATIONS,1665467670.407
0,2022-10-09,USSAV,DV20,OPERATIONS:worst_models,logistic-cycle,first demo,VENDOR:logistic-cycle:OPERATIONS,OPERATIONS,1665467670.407
0,2022-10-09,USSAV,HC40,OPERATIONS:worst_models,logistic-cycle,first demo,VENDOR:logistic-cycle:OPERATIONS,OPERATIONS,1665467670.407
27,2022-10-09,VNHAI,DV20,OPERATIONS:worst_models,logistic-cycle,first demo,VENDOR:logistic-cycle:OPERATIONS,OPERATIONS,1665467670.407
5,2022-10-09,VNHAI,HC40,OPERATIONS:worst_models,logistic-cycle,first demo,VENDOR:logistic-cycle:OPERATIONS,OPERATIONS,1665467670.407
8,2022-10-09,VNHCM,DV20,OPERATIONS:worst_models,logistic-cycle,first demo,VENDOR:logistic-cycle:OPERATIONS,OPERATIONS,1665467670.407
8,2022-10-09,VNHCM,HC40,OPERATIONS:worst_models,logistic-cycle,first demo,VENDOR:logistic-cycle:OPERATIONS,OPERATIONS,1665467670.407
4,2022-10-09,ZADUR,DV20,OPERATIONS:worst_models,logistic-cycle,first demo,VENDOR:logistic-cycle:OPERATIONS,OPERATIONS,1665467670.407
5,2022-10-09,ZADUR,HC40,OPERATIONS:worst_models,logistic-cycle,first demo,VENDOR:logistic-cycle:OPERATIONS,OPERATIONS,1665467670.407
